place,infobox_content,marker,coordinates,cache,latitude,longitude,სახელი,დასახლება,სტატუსი,მისამართი,ნაგავსაყრელის ტერიტორია (კვ.მ.),ემსახურება,სამუშაო საათები,ნარჩენების საშუალო რაოდენობა თვეში (მ3)
Chiatura,"ჭიათურის ნაგავსაყრელი<br />
სტატუსი : დახურული<br />
მისამართი: ჭიათურა,სოფელი რგანი<br />
ნაგავსაყრელის ტერიტორია: 7 561.00 m2",http://waste.gov.ge/ka/wp-content/uploads/2018/07/marker-pin-google_blue_40x40.png,FALSE,TRUE,42.283333,43.28333299999997,ჭიათურის ნაგავსაყრელი,ჭიათურა,დახურული,"ჭიათურა,სოფელი რგანი",7561,,,
Sachkhere,"</p>
<p>საჩხერის ნაგავსაყრელი<br />
სტატუსი : მოქმედი<br />
ემსახურება საჩხერეს და ჭიათურას<br />
სამუშაო საათები: 24/7<br />
მისამართი: საჩხერე, სოფელი სარეკი<br />
ნარჩენების საშუალო რაოდენობა თვეში - 1800 m3<br />
ნაგავსაყრელის ტერიტორია: 15 980.00 m2",http://waste.gov.ge/ka/wp-content/uploads/2018/07/marker-pin-google_blue_40x40.png,FALSE,TRUE,42.345278,43.419444,საჩხერის ნაგავსაყრელი,საჩხერე,მოქმედი,"საჩხერე, სოფელი სარეკი",15980,"საჩხერეს, ჭიათურას",24/7,1800
Tkibuli,"</p>
<p>ტყიბულის ნაგავსაყრელი<br />
სტატუსი : მოქმედი<br />
ემსახურება ტყიბულს<br />
სამუშაო საათები: 09:00- 18:00<br />
მისამართი: ტყიბული, სოფელი მანჩორი<br />
ნარჩენების საშუალო რაოდენობა თვეში - 249 m3<br />
ნაგავსაყრელის ტერიტორია: 7 314 m2",http://waste.gov.ge/ka/wp-content/uploads/2018/07/marker-pin-google_blue_40x40.png,FALSE,TRUE,42.333333,42.983333000000016,ტყიბულის ნაგავსაყრელი,ტყიბული,მოქმედი,"ტყიბული, სოფელი მანჩორი",7314,ტყიბულს,09:00- 18:00,249
Samtredia,"</p>
<p>სამტრედიის ნაგავსაყრელი<br />
სტატუსი : მოქმედი<br />
ემსახურება სამტრედიას, ხონს, აბაშას და ვანს<br />
სამუშაო საათები: 24/7<br />
მისამართი:სამტრედია, სოფელი ოფეთი<br />
ნარჩენების საშუალო რაოდენობა თვეში - 2049 m3<br />
ნაგავსაყრელის ტერიტორია: 60 322.00 m2",http://waste.gov.ge/ka/wp-content/uploads/2018/07/marker-pin-google_blue_40x40.png,FALSE,TRUE,42.15,42.33333300000004,სამტრედიის ნაგავსაყრელი,სამტრედია,მოქმედი,"სამტრედია, სოფელი ოფეთი",60322,"სამტრედიას, ხონს, აბაშას, ვანს",24/7,2049
Terjola,"</p>
<p>თერჯოლის ნაგავსაყრელი<br />
სტატუსი : მოქმედი<br />
მისამართი: თერჯოლა, კოხორას ტერიტორია<br />
სამუშაო საათები: 24/7<br />
ნაგავსაყრელის ტერიტორია: 42 639.00 m2",http://waste.gov.ge/ka/wp-content/uploads/2018/07/marker-pin-google_blue_40x40.png,FALSE,TRUE,42.178056,42.98000000000002,თერჯოლის ნაგავსაყრელი,თერჯოლა,მოქმედი,"თერჯოლა, კოხორას ტერიტორია",42639,,24/7,
Zestafoni,"</p>
<p>ზესტაფონის ნაგავსაყრელი<br />
სტატუსი : დახურული<br />
მისამართი: ზესტაფონი, სოფელი მეორე სვირი<br />
ნაგავსაყრელის ტერიტორია: 32 190.00 m2",http://waste.gov.ge/ka/wp-content/uploads/2018/07/marker-pin-google_blue_40x40.png,FALSE,TRUE,42.105556,43.035833000000025,ზესტაფონის ნაგავსაყრელი,ზესტაფონი,დახურული,"ზესტაფონი, სოფელი მეორე სვირი",32190,,,
Kharagauli,"</p>
<p>ხარაგაულის ნაგავსაყრელი<br />
სტატუსი : დახურული<br />
მისამართი: ხარაგაული, სოფელი საღანძილე<br />
ნაგავსაყრელის ტერიტორია: 2 394.00 m2",http://waste.gov.ge/ka/wp-content/uploads/2018/07/marker-pin-google_blue_40x40.png,FALSE,TRUE,42.02234240000001,43.193652499999985,ხარაგაულის ნაგავსაყრელი,ხარაგაული,დახურული,"ხარაგაული, სოფელი საღანძილე",2394,,,
Khoni,"</p>
<p>ხონის ნაგავსაყრელი<br />
სტატუსი : დახურული<br />
მისამართი: ხონი, სოფელი ახალშენი<br />
ნაგავსაყრელის ტერიტორია: 15 755.00 m2",http://waste.gov.ge/ka/wp-content/uploads/2018/07/marker-pin-google_blue_40x40.png,FALSE,TRUE,42.316667,42.43333299999995,ხონის ნაგავსაყრელი,ხონი,დახურული,"ხონი, სოფელი ახალშენი",15755,,,
Kutaisi,"</p>
<p>ქუთაისი, ნიკეას ნაგავსაყრელი<br />
სტატუსი : მოქმედი<br />
ემსახურება ქუთაისს, ბაღდათს და წყალტუბოს<br />
სამუშაო საათები: 24/7<br />
მისამართი: ქუთაისი, ნიკეას ქუჩა<br />
ნარჩენების საშუალო რაოდენობა თვეში -21999 m3<br />
ნაგავსაყრელის ტერიტორია: 151 461.00 m2",http://waste.gov.ge/ka/wp-content/uploads/2018/07/marker-pin-google_blue_40x40.png,FALSE,TRUE,42.25,42.700000000000045,"ქუთაისი, ნიკეას ნაგავსაყრელი",ქუთაისი,მოქმედი,"ქუთაისი, ნიკეას ქუჩა",151461,"ქუთაისს, ბაღდათს, წყალტუბოს",24/7,21999
Sagarejo,"</p>
<p>საგარეჯოს ნაგავსაყრელი<br />
სტატუსი : მოქმედი<br />
ემსახურება საგარეჯოს<br />
სამუშაო საათები: 24/7<br />
მისამართი: საგარეჯო, სოფელი ნინოწმინდა<br />
ნარჩენების საშუალო რაოდენობა თვეში: 2400 m3<br />
ნაგავსაყრელის ტერიტორია: 19 037.00 m2",http://waste.gov.ge/ka/wp-content/uploads/2018/07/marker-pin-google_blue_40x40.png,FALSE,TRUE,41.73333299999999,45.33333300000004,საგარეჯოს ნაგავსაყრელი,საგარეჯო,მოქმედი,"საგარეჯო, სოფელი ნინოწმინდა",19037,საგარეჯოს,24/7,2400
Gurjaani,"</p>
<p>გურჯაანის ნაგავსაყრელი<br />
სტატუსი : დახურული<br />
მისამართი: გურჯაანი<br />
ნაგავსაყრელის ტერიტორია: 12 928.00 m2",http://waste.gov.ge/ka/wp-content/uploads/2018/07/marker-pin-google_blue_40x40.png,FALSE,TRUE,41.75,45.799999999999955,გურჯაანის ნაგავსაყრელი,გურჯაანი,დახურული,გურჯაანი,12928,,,
Dedoplistskaro,"</p>
<p>დედოფლისწყაროს ნაგავსაყრელი<br />
სტატუსი : მოქმედი<br />
ემსახურება დედოფლისწყაროს<br />
სამუშაო საათები: 09:00- 18:00<br />
მისამართი: დედოფლისწყარო<br />
ნარჩენების საშუალო რაოდენობა თვეში: 2400 m3<br />
ნაგავსაყრელის ტერიტორია: 60 986.00 m2",http://waste.gov.ge/ka/wp-content/uploads/2018/07/marker-pin-google_blue_40x40.png,FALSE,TRUE,41.46388899999999,46.11111099999994,დედოფლისწყაროს ნაგავსაყრელი,დედოფლისწყარო,მოქმედი,დედოფლისწყარო,60986,დედოფლისწყაროს,09:00- 18:00,2400
Kvareli,"</p>
<p>ყვარლის გადამტვირთი სადგური<br />
სტატუსი : დახურული<br />
მისამართი: ყვარელი<br />
ნაგავსაყრელის ტერიტორია: 25 570.00 m2",http://waste.gov.ge/ka/wp-content/uploads/2018/07/marker-pin-google_blue_40x40.png,FALSE,TRUE,41.9483514,45.814791900000046,ყვარლის გადამტვირთი სადგური,ყვარელი,დახურული,ყვარელი,25570,,,
Telavi,"</p>
<p>თელავის ნაგავსაყრელი<br />
სტატუსი: მოქმედი<br />
ემსახურება თელავს და ახმეტას<br />
სამუშაო საათები: 24/7<br />
მისამართი: თელავი, სოფელი ვარდისუბანი<br />
ნარჩენების საშუალო რაოდენობა თვეში: 4398 m3<br />
ნაგავსაყრელის ტერიტორია: 54 143.00 m2",http://waste.gov.ge/ka/wp-content/uploads/2018/07/marker-pin-google_blue_40x40.png,FALSE,TRUE,41.9167,45.483299999999986,თელავის ნაგავსაყრელი,თელავი,მოქმედი,"თელავი, სოფელი ვარდისუბანი",54143,"თელავს, ახმეტას",24/7,4398
Tsnori,"</p>
<p>წნორის ნაგავსაყრელი<br />
სტატუსი: მოქმედი<br />
ემსახურება სიღნაღს და გურჯაანს<br />
სამუშაო საათები : 24/7<br />
მისამართი: წნორი<br />
ნარჩენების საშუალო რაოდენობა თვეში: 1200 m3<br />
ნაგავსაყრელის ტერიტორია: 24 356.00 m2",http://waste.gov.ge/ka/wp-content/uploads/2018/07/marker-pin-google_blue_40x40.png,FALSE,TRUE,41.616667,45.96666700000003,წნორის ნაგავსაყრელი,წნორი,მოქმედი,წნორი,24356,"სიღნაღს, გურჯაანს",24/7,1200
Lagodekhi,"</p>
<p>ლაგოდეხის ნაგავსაყრელი<br />
სტატუსი: მოქმედი<br />
ემსახურება ლაგოდეხს<br />
სამუშაო საათები: 09:00- 18:00<br />
მისამართი: ლაგოდეხი<br />
ნარჩენების საშუალო რაოდენობა თვეში: 1299 m3<br />
ნაგავსაყრელის ტერიტორია: 12 209.00 m2",http://waste.gov.ge/ka/wp-content/uploads/2018/07/marker-pin-google_blue_40x40.png,FALSE,TRUE,41.816667,46.28333299999997,ლაგოდეხის ნაგავსაყრელი,ლაგოდეხი,მოქმედი,ლაგოდეხი,12209,ლაგოდეხს,09:00- 18:00,1299
Martvili,"</p>
<p>მარტვილის ნაგავსაყრელი<br />
სტატუსი : დახურული<br />
მისამართი: მარტვილი<br />
ნაგავსაყრელის ტერიტორია: 6 450.00 m2",http://waste.gov.ge/ka/wp-content/uploads/2018/07/marker-pin-google_blue_40x40.png,FALSE,TRUE,42.4231839,42.381114600000046,მარტვილის ნაგავსაყრელი,მარტვილი,დახურული,მარტვილი,6450,,,
Chkhorotsku,"</p>
<p>ჩხოროწყუს ნაგავსაყრელი<br />
სტატუსი : დახურული<br />
მისამართი: ჩხოროწყუ, ახუტის დასახლება<br />
ნაგავსაყრელის ტერიტორია: 8 642.00 m2",http://waste.gov.ge/ka/wp-content/uploads/2018/07/marker-pin-google_blue_40x40.png,FALSE,TRUE,42.5219111,42.12767269999995,ჩხოროწყუს ნაგავსაყრელი,ჩხოროწყუ,დახურული,"ჩხოროწყუ, ახუტის დასახლება",8642,,,
Senaki,"</p>
<p>სენაკის ნაგავსაყრელი<br />
სტატუსი : დახურული<br />
მისამართი: სენაკი, სოფელი თეკლათი<br />
ნაგავსაყრელის ტერიტორია: 11 953.00 m2",http://waste.gov.ge/ka/wp-content/uploads/2018/07/marker-pin-google_blue_40x40.png,FALSE,TRUE,42.2689,42.079200000000014,სენაკის ნაგავსაყრელი,სენაკი,დახურული,"სენაკი, სოფელი თეკლათი",11953,,,
Abasha,"</p>
<p>აბაშის ნაგავსაყრელი<br />
სტატუსი : დახურული<br />
მისამართი: აბაშა<br />
ნაგავსაყრელის ტერიტორია: 6 169.00 m2",http://waste.gov.ge/ka/wp-content/uploads/2018/07/marker-pin-google_blue_40x40.png,FALSE,TRUE,42.2,42.21666700000003,აბაშის ნაგავსაყრელი,აბაშა,დახურული,აბაშა,6169,,,
Zugdidi,"</p>
<p>ზუგდიდის ნაგავსაყრელი<br />
სტატუსი: მოქმედი<br />
ემსახურება სენაკს, ზუგდიდს, ჩხოროწყუს, წალენჯიხას და ხობს<br />
სამუშაო საათები : 24/7<br />
მისამართი: ზუგდიდი, სოფელი დიდძენი<br />
ნარჩენების საშუალო რაოდენობა თვეში: 3498 m3<br />
ნაგავსაყრელის ტერიტორია: 166 910.00 m2",http://waste.gov.ge/ka/wp-content/uploads/2018/07/marker-pin-google_blue_40x40.png,FALSE,TRUE,42.5,41.85000000000002,ზუგდიდის ნაგავსაყრელი,ზუგდიდი,მოქმედი,"ზუგდიდი, სოფელი დიდძენი",166910,"სენაკს, ზუგდიდს, ჩხოროწყუს, წალენჯიხას, ხობს",24/7,3498
Tsalenjikha,"</p>
<p>წალენჯიხის ნაგავსაყრელი<br />
სტატუსი : დახურული<br />
მისამართი: წალენჯიხა, სოფელი ზვაის უბანი<br />
ნაგავსაყრელის ტერიტორია: 3 175.00 m2",http://waste.gov.ge/ka/wp-content/uploads/2018/07/marker-pin-google_blue_40x40.png,FALSE,TRUE,42.6215005,42.066009699999995,წალენჯიხის ნაგავსაყრელი,წალენჯიხა,დახურული,"წალენჯიხა, სოფელი ზვაის უბანი",3175,,,
Khobi,"</p>
<p>ხობის ნაგავსაყრელი<br />
სტატუსი : დახურული<br />
მისამართი: ხობი, სოფელი პირველი მაისი<br />
ნაგავსაყრელის ტერიტორია: 10 670.00 m2",http://waste.gov.ge/ka/wp-content/uploads/2018/07/marker-pin-google_blue_40x40.png,FALSE,TRUE,42.316667,41.89999999999998,ხობის ნაგავსაყრელი,ხობი,დახურული,"ხობი, სოფელი პირველი მაისი",10670,,,
Poti,"</p>
<p>ფოთის ნაგავსაყრელი<br />
სტატუსი: მოქმედი<br />
ემსახურება ფოთს<br />
სამუშაო საათები : 24/7<br />
მისამართი: ფოთი, ჭავჭავაძის ქუჩა<br />
ნარჩენების საშუალო რაოდენობა თვეში: 3000 m3<br />
ნაგავსაყრელის ტერიტორია: 55 185.00 m2",http://waste.gov.ge/ka/wp-content/uploads/2018/07/marker-pin-google_blue_40x40.png,FALSE,TRUE,42.141944,41.67638899999997,ფოთის ნაგავსაყრელი,ფოთი,მოქმედი,"ფოთი, ჭავჭავაძის ქუჩა",55185,ფოთს,24/7,3000
Chokhatauri,"</p>
<p>ჩოხატაურის ნაგავსაყრელი<br />
სტატუსი: მოქმედი<br />
ემსახურება ჩოხატაურს<br />
სამუშაო საათები: 09:00-18:00<br />
მისამართი: ჩოხატაური, სოფელი ბუკნარი<br />
ნარჩენების საშუალო რაოდენობა თვეში: 330 m3<br />
ნაგავსაყრელის ტერიტორია: 11 970.00 m2",http://waste.gov.ge/ka/wp-content/uploads/2018/07/marker-pin-google_blue_40x40.png,FALSE,TRUE,42.0183362,42.236582699999985,ჩოხატაურის ნაგავსაყრელი,ჩოხატაური,მოქმედი,"ჩოხატაური, სოფელი ბუკნარი",11970,ჩოხატაურს,09:00-18:00,330
Lanchkhuti,"</p>
<p>ლანჩხუთის ნაგავსაყრელი<br />
სტატუსი: დახურული<br />
მისამართი: ლანჩხუთი<br />
ნაგავსაყრელის ტერიტორია: 45 001.00 m2",http://waste.gov.ge/ka/wp-content/uploads/2018/07/marker-pin-google_blue_40x40.png,FALSE,TRUE,42.094444,42.04166699999996,ლანჩხუთის ნაგავსაყრელი,ლანჩხუთი,დახურული,ლანჩხუთი,45001,,,
Ozurgeti,"</p>
<p>ოზურგეთის ნაგავსაყრელი<br />
სტატუსი: მოქმედი<br />
ემსახურება ოზურგეთს<br />
სამუშაო საათები: 24/7<br />
მისამართი: ოზურგეთი, სოფელი მერია<br />
ნარჩენების საშუალო რაოდენობა თვეში: 1500 m3<br />
ნაგავსაყრელის ტერიტორია: 39 699.00 m2",http://waste.gov.ge/ka/wp-content/uploads/2018/07/marker-pin-google_blue_40x40.png,FALSE,TRUE,41.933333,41.983333000000016,ოზურგეთის ნაგავსაყრელი,ოზურგეთი,მოქმედი,"ოზურგეთი, სოფელი მერია",39699,ოზურგეთს,24/7,1500
Ureki,"</p>
<p>ურეკის ნაგავსაყრელი<br />
სტატუსი : დახურული<br />
მისამართი: ოზურგეთის მხარე, დაბა ურეკი<br />
ნაგავსაყრელის ტერიტორია: 13 305.00 m2",http://waste.gov.ge/ka/wp-content/uploads/2018/07/marker-pin-google_blue_40x40.png,FALSE,TRUE,41.996944,41.77805599999999,ურეკის ნაგავსაყრელი,ურეკი,დახურული,"ოზურგეთის მხარე, დაბა ურეკი",13305,,,
Khashuri,"</p>
<p>ხაშურის ნაგავსაყრელი<br />
სტატუსი: მოქმედი<br />
ემსახურება ხაშურს<br />
სამუშაო საათები: 09:00-18:00<br />
მისამართი: ხაშური, სოფელი თაგვეთი<br />
ნარჩენების საშუალო რაოდენობა თვეში: 4998 m3<br />
ნაგავსაყრელის ტერიტორია: 161 006.00 m2",http://waste.gov.ge/ka/wp-content/uploads/2018/07/marker-pin-google_blue_40x40.png,FALSE,TRUE,41.989722,43.59000000000003,ხაშურის ნაგავსაყრელი,ხაშური,მოქმედი,"ხაშური, სოფელი თაგვეთი",161006,ხაშურს,09:00-18:00,4998
Kareli,"</p>
<p>ქარელის ნაგავსაყრელი<br />
სტატუსი : დახურული<br />
მისამართი: ქარელი<br />
ნაგავსაყრელის ტერიტორია: 27 354.00 m2",http://waste.gov.ge/ka/wp-content/uploads/2018/07/marker-pin-google_blue_40x40.png,FALSE,TRUE,22.933611,79.06222200000002,ქარელის ნაგავსაყრელი,ქარელი,დახურული,ქარელი,27354,,,
Agara,"</p>
<p>აგარის ნაგავსაყრელი<br />
სტატუსი : დახურული<br />
მისამართი: ქარელი, აგარა<br />
ნაგავსაყრელის ტერიტორია:48 730.00 m2",http://waste.gov.ge/ka/wp-content/uploads/2018/07/marker-pin-google_blue_40x40.png,FALSE,TRUE,12.9242052,77.65056389999995,აგარის ნაგავსაყრელი,აგარა,დახურული,"ქარელი, აგარა",48730,,,
Gori,"</p>
<p>გორის ნაგავსაყრელი<br />
სტატუსი: მოქმედი<br />
ემსახურება გორს<br />
სამუშაო საათები: 24/7<br />
მისამართი: გორი<br />
ნარჩენების საშუალო რაოდენობა თვეში: 5799 m3<br />
ნაგავსაყრელის ტერიტორია:64 515.00 m2",http://waste.gov.ge/ka/wp-content/uploads/2018/07/marker-pin-google_blue_40x40.png,FALSE,TRUE,41.9854144,44.10841099999993,გორის ნაგავსაყრელი,გორი,მოქმედი,გორი,64515,გორს,24/7,5799
Kaspi,"</p>
<p>კასპის ნაგავსაყრელი<br />
სტატუსი: მოქმედი<br />
ემსახურება კასპს და მცხეთას<br />
სამუშაო საათები: 24/7<br />
მისამართი: კასპი, ახტალა<br />
ნარჩენების საშუალო რაოდენობა თვეში: 2700 m3<br />
ნაგავსაყრელის ტერიტორია:75 312.00 m2",http://waste.gov.ge/ka/wp-content/uploads/2018/07/marker-pin-google_blue_40x40.png,FALSE,TRUE,41.9167,44.41669999999999,კასპის ნაგავსაყრელი,კასპი,მოქმედი,"კასპი, ახტალა",75312,"კასპს, მცხეთას",24/7,2700
Tetri,"</p>
<p>თეთრიწყაროს ნაგავსაყრელი<br />
სტატუსი : დახურული<br />
მისამართი: თეთრიწყარო, სოფელი მაწევანი<br />
ნაგავსაყრელის ტერიტორია: 5 647.00 m2",http://waste.gov.ge/ka/wp-content/uploads/2018/07/marker-pin-google_blue_40x40.png,FALSE,TRUE,25.3666113,87.06339419999995,თეთრიწყაროს ნაგავსაყრელი,თეთრი,დახურული,"თეთრიწყარო, სოფელი მაწევანი",5647,,,
Tsalka,"</p>
<p>წალკის ნაგავსაყრელი<br />
სტატუსი : დახურული<br />
მისამართი: წალკა<br />
ნაგავსაყრელის ტერიტორია: 31 021.00 m2",http://waste.gov.ge/ka/wp-content/uploads/2018/07/marker-pin-google_blue_40x40.png,FALSE,TRUE,41.583333,44.08333300000004,წალკის ნაგავსაყრელი,წალკა,დახურული,წალკა,31021,,,
Dmanisi,"</p>
<p>დმანისის ნაგავსაყრელი<br />
სტატუსი: მოქმედი<br />
ემსახურება დმანისს<br />
სამუშაო საათები: 09:00-18:00<br />
მისამართი: დმანისი<br />
ნარჩენების საშუალო რაოდენობა თვეში: 180 m3<br />
ნაგავსაყრელის ტერიტორია: 10 027.00 m2",http://waste.gov.ge/ka/wp-content/uploads/2018/07/marker-pin-google_blue_40x40.png,FALSE,TRUE,41.3298054,44.207312499999944,დმანისის ნაგავსაყრელი,დმანისი,მოქმედი,დმანისი,10027,დმანისს,09:00-18:00,180
Bolnisi,"</p>
<p>ბოლნისის ნაგავსაყრელი<br />
სტატუსი: მოქმედი<br />
ემსახურება ბოლნისს<br />
სამუშაო საათები: 09:00-18:00<br />
მისამართი: ბოლნისი, სოფელი ანდრეევკა<br />
ნარჩენების საშუალო რაოდენობა თვეში: 468 m3<br />
ნაგავსაყრელის ტერიტორია: 50 316.00 m2",http://waste.gov.ge/ka/wp-content/uploads/2018/07/marker-pin-google_blue_40x40.png,FALSE,TRUE,41.45,44.533300000000054,ბოლნისის ნაგავსაყრელი,ბოლნისი,მოქმედი,"ბოლნისი, სოფელი ანდრეევკა",50316,ბოლნისს,09:00-18:00,468
Chivchavi,"</p>
<p>თეთრიწყაროს ნაგავსაყრელი<br />
სტატუსი: დახურული<br />
მისამართი: თეთრიწყარო, სოფელი ალგეთი<br />
ნაგავსაყრელის ტერიტორია: 3 056.00 m2",http://waste.gov.ge/ka/wp-content/uploads/2018/07/marker-pin-google_blue_40x40.png,FALSE,TRUE,41.5312933,44.42158040000004,თეთრიწყაროს ნაგავსაყრელი,ჭივჭავი,დახურული,"თეთრიწყარო, სოფელი ალგეთი",3056,,,
Marneuli,"</p>
<p>მარნეულის ნაგავსაყრელი<br />
სტატუსი: მოქმედი<br />
ემსახურება მარნეულს<br />
სამუშაო საათები: 24/7<br />
მისამართი: მარნეული, თეთრიწყაროს გზა<br />
ნარჩენების საშუალო რაოდენობა თვეში: 1899 m3<br />
ნაგავსაყრელის ტერიტორია: 76 870.00 m2",http://waste.gov.ge/ka/wp-content/uploads/2018/07/marker-pin-google_blue_40x40.png,FALSE,TRUE,41.463611,44.810833,მარნეულის ნაგავსაყრელი,მარნეული,მოქმედი,"მარნეული, თეთრიწყაროს გზა",76870,მარნეულს,24/7,1899
Aspindza,"</p>
<p>ასპინძის ნაგავსაყრელი<br />
სტატუსი: მოქმედი<br />
ემსახურება ასპინძას<br />
სამუშაო საათები: 09:00-18:00<br />
მისამართი: ასპინძა<br />
ნარჩენების საშუალო რაოდენობა თვეში: 198 m3<br />
ნაგავსაყრელის ტერიტორია: 14 064.00 m2",http://waste.gov.ge/ka/wp-content/uploads/2018/07/marker-pin-google_blue_40x40.png,FALSE,TRUE,41.573889,43.25611100000003,ასპინძის ნაგავსაყრელი,ასპინძა,მოქმედი,ასპინძა,14064,ასპინძას,09:00-18:00,198
Bakuriani,"</p>
<p>ბაკურიანის ნაგავსაყრელი<br />
სტატუსი: დახურული<br />
მისამართი: ბორჯომის რეგიონი, დაბა ბაკურიანი<br />
ნაგავსაყრელის ტერიტორია: 18 400.00 m2",http://waste.gov.ge/ka/wp-content/uploads/2018/07/marker-pin-google_blue_40x40.png,FALSE,TRUE,41.75,43.53333299999997,ბაკურიანის ნაგავსაყრელი,ბაკურიანი,დახურული,"ბორჯომის რეგიონი, დაბა ბაკურიანი",18400,,,
Akhaltsikhe,"</p>
<p>ახალციხის ნაგავსაყრელი<br />
სტატუსი: მოქმედი<br />
ემსახურება ახალციხეს<br />
სამუშაო საათები: 24/7<br />
მისამართი: ახალციხე, სოფელი ჩაჩარაკი<br />
ნარჩენების საშუალო რაოდენობა თვეში: 1599 m3<br />
ნაგავსაყრელის ტერიტორია: 20 000.00 m2",http://waste.gov.ge/ka/wp-content/uploads/2018/07/marker-pin-google_blue_40x40.png,FALSE,TRUE,41.638889,42.98611099999994,ახალციხის ნაგავსაყრელი,ახალციხე,მოქმედი,"ახალციხე, სოფელი ჩაჩარაკი",20000,ახალციხეს,24/7,1599
Ninotsminda,"</p>
<p>ნინოწმინდის ნაგავსაყრელი<br />
სტატუსი: მოქმედი<br />
ემსახურება ნინოწმინდას<br />
სამუშაო საათები: 09:00-18:00<br />
მისამართი: ნინოწმინდა, სოფელი ჯიგარშენი<br />
ნარჩენების საშუალო რაოდენობა თვეში: 348 m3<br />
ნაგავსაყრელის ტერიტორია: 6 809.00 m2",http://waste.gov.ge/ka/wp-content/uploads/2018/07/marker-pin-google_blue_40x40.png,FALSE,TRUE,41.264444,43.590832999999975,ნინოწმინდის ნაგავსაყრელი,ნინოწმინდა,მოქმედი,"ნინოწმინდა, სოფელი ჯიგარშენი",6809,ნინოწმინდას,09:00-18:00,348
Borjomi,"</p>
<p>ბორჯომის ნაგავსაყრელი<br />
სტატუსი: დახურული<br />
მისამართი: ბორჯომი",http://waste.gov.ge/ka/wp-content/uploads/2018/07/marker-pin-google_blue_40x40.png,FALSE,TRUE,41.833333,43.38333299999999,ბორჯომის ნაგავსაყრელი,ბორჯომი,დახურული,ბორჯომი,,,,
Tsageri,"</p>
<p>ცაგერის ნაგავსაყრელი<br />
სტატუსი: მოქმედი<br />
ემსახურება ცაგერს<br />
სამუშაო საათები: 09:00-18:00<br />
მისამართი: ცაგერი<br />
ნარჩენების საშუალო რაოდენობა თვეში: 99 m3<br />
ნაგავსაყრელის ტერიტორია: 2 300.00 m2",http://waste.gov.ge/ka/wp-content/uploads/2018/07/marker-pin-google_blue_40x40.png,FALSE,TRUE,42.6497,42.759700000000066,ცაგერის ნაგავსაყრელი,ცაგერი,მოქმედი,ცაგერი,2300,ცაგერს,09:00-18:00,99
Oni,"</p>
<p>ონის ნაგავსაყრელი<br />
სტატუსი: მოქმედი<br />
ემსახურება ონს<br />
სამუშაო საათები: 09:00-18:00<br />
მისამართი: ონი<br />
ნარჩენების საშუალო რაოდენობა თვეში: 330 m3<br />
ნაგავსაყრელის ტერიტორია: 4 103.00 m2",http://waste.gov.ge/ka/wp-content/uploads/2018/07/marker-pin-google_blue_40x40.png,FALSE,TRUE,42.5779358,43.43508880000002,ონის ნაგავსაყრელი,ონი,მოქმედი,ონი,4103,ონს,09:00-18:00,330
Ambrolauri,"</p>
<p>ამბროლაურის ნაგავსაყრელი<br />
სტატუსი: მოქმედი<br />
ემსახურება ამბროლაურს<br />
სამუშაო საათები: 24/7<br />
მისამართი: ამბროლაური<br />
ნარჩენების საშუალო რაოდენობა თვეში: 699 m3<br />
ნაგავსაყრელის ტერიტორია: 7 183.00 m2",http://waste.gov.ge/ka/wp-content/uploads/2018/07/marker-pin-google_blue_40x40.png,FALSE,TRUE,42.521667,43.14833299999998,ამბროლაურის ნაგავსაყრელი,ამბროლაური,მოქმედი,ამბროლაური,7183,ამბროლაურს,24/7,699
Tianeti,"</p>
<p>თიანეთის ნაგავსაყრელი<br />
სტატუსი: მოქმედი<br />
ემსახურება თიანეთს<br />
სამუშაო საათები: 09:00-18:00<br />
მისამართი: თიანეთი<br />
ნარჩენების საშუალო რაოდენობა თვეში: 198 m3<br />
ნაგავსაყრელის ტერიტორია: 6 279.00 m2",http://waste.gov.ge/ka/wp-content/uploads/2018/07/marker-pin-google_blue_40x40.png,FALSE,TRUE,42.1119268,44.96728619999999,თიანეთის ნაგავსაყრელი,თიანეთი,მოქმედი,თიანეთი,6279,თიანეთს,09:00-18:00,198
Qsani,"</p>
<p>ქსანის ნაგავსაყრელი<br />
სტატუსი: დახურული<br />
მისამართი: მცხეთა, სოფელი ქსანი<br />
ნაგავსაყრელის ტერიტორია: 4 915.00 m2",http://waste.gov.ge/ka/wp-content/uploads/2018/07/marker-pin-google_blue_40x40.png,FALSE,TRUE,42.0031781,44.521549400000026,ქსანის ნაგავსაყრელი,ქსანი,დახურული,"მცხეთა, სოფელი ქსანი",4915,,,
Sioni,"</p>
<p>სიონის ნაგავსაყრელი<br />
სტატუსი: დახურული<br />
მისამართი: თიანეთის რეგიონი, სიონი<br />
ნაგავსაყრელის ტერიტორია: 4 078.00 m2",http://waste.gov.ge/ka/wp-content/uploads/2018/07/marker-pin-google_blue_40x40.png,FALSE,TRUE,41.9941264,45.027188499999966,სიონის ნაგავსაყრელი,სიონი,დახურული,"თიანეთის რეგიონი, სიონი",4078,,,
Dusheti,"</p>
<p>დუშეთის ნაგავსაყრელი<br />
სტატუსი: მოქმედი<br />
ემსახურება დუშეთს და მცხეთას<br />
სამუშაო საათები: 24/7<br />
მისამართი: დუშეთი<br />
ნარჩენების საშუალო რაოდენობა თვეში: 900 m3<br />
ნაგავსაყრელის ტერიტორია: 14 960 m2",http://waste.gov.ge/ka/wp-content/uploads/2018/07/marker-pin-google_blue_40x40.png,FALSE,TRUE,42.083333,44.700000000000045,დუშეთის ნაგავსაყრელი,დუშეთი,მოქმედი,დუშეთი,14960,"დუშეთს, მცხეთას",24/7,900
Stepantsminda,"</p>
<p>სტეფანწმინდის ნაგავსაყრელი<br />
სტატუსი:მოქმედი<br />
ემსახურება სტეფანწმინდას<br />
სამუშაო საათები: 09:00-18:00<br />
მისამართი: ყაზბეგის რაიონი, სტეფანწმინდა<br />
ნარჩენების საშუალო რაოდენობა თვეში: 270 m3<br />
ნაგავსაყრელის ტერიტორია: 21 429.00 m2",http://waste.gov.ge/ka/wp-content/uploads/2018/07/marker-pin-google_blue_40x40.png,FALSE,TRUE,42.6575,44.64527799999996,სტეფანწმინდის ნაგავსაყრელი,სტეფანწმინდა,მოქმედი,"ყაზბეგის რაიონი, სტეფანწმინდა",21429,სტეფანწმინდას,09:00-18:00,270